date,state_name,district_name,market_name,commodity_name,variety,grade,min_price,max_price,modal_price
2026-04-01,Tamil Nadu,Erode,Erode,Turmeric,Finger,FAQ,14125,15177,14537
2026-04-01,Tamil Nadu,Erode,Erode,Turmeric,Bulb,FAQ,12455,13333,12862
2026-04-01,Tamil Nadu,Erode,Gobichettipalayam,Banana,Poovan,FAQ,2387,2897,2623
2026-04-01,Tamil Nadu,Erode,Gobichettipalayam,Banana,Robusta,FAQ,2280,2636,2411
2026-04-02,Tamil Nadu,Erode,Erode,Turmeric,Finger,FAQ,14306,15237,14722
2026-04-02,Tamil Nadu,Erode,Erode,Turmeric,Bulb,FAQ,12442,13366,12847
2026-04-02,Tamil Nadu,Erode,Gobichettipalayam,Banana,Poovan,FAQ,2446,2856,2673
2026-04-02,Tamil Nadu,Erode,Gobichettipalayam,Banana,Robusta,FAQ,2268,2654,2413
2026-04-03,Tamil Nadu,Erode,Erode,Turmeric,Finger,FAQ,14235,15476,14747
2026-04-03,Tamil Nadu,Erode,Erode,Turmeric,Bulb,FAQ,12577,13401,12998
2026-04-03,Tamil Nadu,Erode,Gobichettipalayam,Banana,Poovan,FAQ,2390,2863,2629
2026-04-03,Tamil Nadu,Erode,Gobichettipalayam,Banana,Robusta,FAQ,2229,2553,2384
2026-04-04,Tamil Nadu,Erode,Erode,Turmeric,Finger,FAQ,14098,15222,14670
2026-04-04,Tamil Nadu,Erode,Erode,Turmeric,Bulb,FAQ,12448,13344,12895
2026-04-04,Tamil Nadu,Erode,Gobichettipalayam,Banana,Poovan,FAQ,2459,2910,2653
2026-04-04,Tamil Nadu,Erode,Gobichettipalayam,Banana,Robusta,FAQ,2249,2617,2374
2026-04-06,Tamil Nadu,Erode,Erode,Turmeric,Finger,FAQ,14174,15411,14848
2026-04-06,Tamil Nadu,Erode,Erode,Turmeric,Bulb,FAQ,12646,13698,13016
2026-04-06,Tamil Nadu,Erode,Gobichettipalayam,Banana,Poovan,FAQ,2412,2901,2642
2026-04-06,Tamil Nadu,Erode,Gobichettipalayam,Banana,Robusta,FAQ,2191,2558,2384
2026-04-07,Tamil Nadu,Erode,Erode,Turmeric,Finger,FAQ,14252,15291,14675
2026-04-07,Tamil Nadu,Erode,Erode,Turmeric,Bulb,FAQ,12717,13581,13141
2026-04-07,Tamil Nadu,Erode,Gobichettipalayam,Banana,Poovan,FAQ,2470,2860,2632
2026-04-07,Tamil Nadu,Erode,Gobichettipalayam,Banana,Robusta,FAQ,2193,2602,2371
2026-04-08,Tamil Nadu,Erode,Erode,Turmeric,Finger,FAQ,14369,15541,14852
2026-04-08,Tamil Nadu,Erode,Erode,Turmeric,Bulb,FAQ,12655,13594,13058
2026-04-08,Tamil Nadu,Erode,Gobichettipalayam,Banana,Poovan,FAQ,2452,2951,2689
2026-04-08,Tamil Nadu,Erode,Gobichettipalayam,Banana,Robusta,FAQ,2146,2574,2343
2026-04-09,Tamil Nadu,Erode,Erode,Turmeric,Finger,FAQ,14107,15405,14780
2026-04-09,Tamil Nadu,Erode,Erode,Turmeric,Bulb,FAQ,12564,13626,13032
2026-04-09,Tamil Nadu,Erode,Gobichettipalayam,Banana,Poovan,FAQ,2401,2900,2632
2026-04-09,Tamil Nadu,Erode,Gobichettipalayam,Banana,Robusta,FAQ,2255,2640,2403
2026-04-10,Tamil Nadu,Erode,Erode,Turmeric,Finger,FAQ,14457,15502,14885
2026-04-10,Tamil Nadu,Erode,Erode,Turmeric,Bulb,FAQ,12867,13786,13225
2026-04-10,Tamil Nadu,Erode,Gobichettipalayam,Banana,Poovan,FAQ,2462,2834,2646
2026-04-10,Tamil Nadu,Erode,Gobichettipalayam,Banana,Robusta,FAQ,2164,2597,2356
2026-04-11,Tamil Nadu,Erode,Erode,Turmeric,Finger,FAQ,14398,15661,14906
2026-04-11,Tamil Nadu,Erode,Erode,Turmeric,Bulb,FAQ,12563,13773,13139
2026-04-11,Tamil Nadu,Erode,Gobichettipalayam,Banana,Poovan,FAQ,2426,2806,2609
2026-04-11,Tamil Nadu,Erode,Gobichettipalayam,Banana,Robusta,FAQ,2142,2578,2357
2026-04-13,Tamil Nadu,Erode,Erode,Turmeric,Finger,FAQ,14231,15649,14930
2026-04-13,Tamil Nadu,Erode,Erode,Turmeric,Bulb,FAQ,12815,13918,13314
2026-04-13,Tamil Nadu,Erode,Gobichettipalayam,Banana,Poovan,FAQ,2451,2826,2629
2026-04-13,Tamil Nadu,Erode,Gobichettipalayam,Banana,Robusta,FAQ,2202,2546,2385
2026-04-15,Tamil Nadu,Erode,Erode,Turmeric,Finger,FAQ,14415,15449,14871
2026-04-15,Tamil Nadu,Erode,Erode,Turmeric,Bulb,FAQ,12900,13906,13290
2026-04-15,Tamil Nadu,Erode,Gobichettipalayam,Banana,Poovan,FAQ,2492,2879,2650
2026-04-15,Tamil Nadu,Erode,Gobichettipalayam,Banana,Robusta,FAQ,2164,2569,2360
2026-04-16,Tamil Nadu,Erode,Erode,Turmeric,Finger,FAQ,14614,15925,15142
2026-04-16,Tamil Nadu,Erode,Erode,Turmeric,Bulb,FAQ,12782,13778,13373
2026-04-16,Tamil Nadu,Erode,Gobichettipalayam,Banana,Poovan,FAQ,2414,2850,2656
2026-04-16,Tamil Nadu,Erode,Gobichettipalayam,Banana,Robusta,FAQ,2160,2560,2376
2026-04-17,Tamil Nadu,Erode,Erode,Turmeric,Finger,FAQ,14614,15721,15071
2026-04-17,Tamil Nadu,Erode,Erode,Turmeric,Bulb,FAQ,12896,13918,13286
2026-04-17,Tamil Nadu,Erode,Gobichettipalayam,Banana,Poovan,FAQ,2322,2856,2564
2026-04-17,Tamil Nadu,Erode,Gobichettipalayam,Banana,Robusta,FAQ,2152,2583,2336
2026-04-18,Tamil Nadu,Erode,Erode,Turmeric,Finger,FAQ,14353,15566,15012
2026-04-18,Tamil Nadu,Erode,Erode,Turmeric,Bulb,FAQ,12909,13971,13419
2026-04-18,Tamil Nadu,Erode,Gobichettipalayam,Banana,Poovan,FAQ,2425,2896,2639
2026-04-18,Tamil Nadu,Erode,Gobichettipalayam,Banana,Robusta,FAQ,2185,2521,2324
2026-04-20,Tamil Nadu,Erode,Erode,Turmeric,Finger,FAQ,14375,15822,15051
2026-04-20,Tamil Nadu,Erode,Erode,Turmeric,Bulb,FAQ,12737,13805,13240
2026-04-20,Tamil Nadu,Erode,Gobichettipalayam,Banana,Poovan,FAQ,2457,2803,2609
2026-04-20,Tamil Nadu,Erode,Gobichettipalayam,Banana,Robusta,FAQ,2176,2515,2335
2026-04-21,Tamil Nadu,Erode,Erode,Turmeric,Finger,FAQ,14498,15811,15021
2026-04-21,Tamil Nadu,Erode,Erode,Turmeric,Bulb,FAQ,12910,13929,13281
2026-04-21,Tamil Nadu,Erode,Gobichettipalayam,Banana,Poovan,FAQ,2302,2797,2549
2026-04-21,Tamil Nadu,Erode,Gobichettipalayam,Banana,Robusta,FAQ,2163,2533,2299
2026-04-22,Tamil Nadu,Erode,Erode,Turmeric,Finger,FAQ,14577,15842,15258
2026-04-22,Tamil Nadu,Erode,Erode,Turmeric,Bulb,FAQ,12864,13965,13349
2026-04-22,Tamil Nadu,Erode,Gobichettipalayam,Banana,Poovan,FAQ,2342,2837,2561
2026-04-22,Tamil Nadu,Erode,Gobichettipalayam,Banana,Robusta,FAQ,2092,2492,2303
2026-04-23,Tamil Nadu,Erode,Erode,Turmeric,Finger,FAQ,14651,15966,15242
2026-04-23,Tamil Nadu,Erode,Erode,Turmeric,Bulb,FAQ,13050,14163,13532
2026-04-23,Tamil Nadu,Erode,Gobichettipalayam,Banana,Poovan,FAQ,2362,2751,2543
2026-04-23,Tamil Nadu,Erode,Gobichettipalayam,Banana,Robusta,FAQ,2117,2432,2280
2026-04-24,Tamil Nadu,Erode,Erode,Turmeric,Finger,FAQ,14665,15680,15177
2026-04-24,Tamil Nadu,Erode,Erode,Turmeric,Bulb,FAQ,12809,13770,13340
2026-04-24,Tamil Nadu,Erode,Gobichettipalayam,Banana,Poovan,FAQ,2392,2845,2550
2026-04-24,Tamil Nadu,Erode,Gobichettipalayam,Banana,Robusta,FAQ,2109,2430,2271
2026-04-25,Tamil Nadu,Erode,Erode,Turmeric,Finger,FAQ,14824,15987,15345
2026-04-25,Tamil Nadu,Erode,Erode,Turmeric,Bulb,FAQ,13039,14022,13513
2026-04-25,Tamil Nadu,Erode,Gobichettipalayam,Banana,Poovan,FAQ,2417,2855,2583
2026-04-25,Tamil Nadu,Erode,Gobichettipalayam,Banana,Robusta,FAQ,2141,2544,2334
2026-04-27,Tamil Nadu,Erode,Erode,Turmeric,Finger,FAQ,14607,15957,15249
2026-04-27,Tamil Nadu,Erode,Erode,Turmeric,Bulb,FAQ,13054,13877,13428
2026-04-27,Tamil Nadu,Erode,Gobichettipalayam,Banana,Poovan,FAQ,2379,2809,2584
2026-04-27,Tamil Nadu,Erode,Gobichettipalayam,Banana,Robusta,FAQ,2131,2512,2303
2026-04-28,Tamil Nadu,Erode,Erode,Turmeric,Finger,FAQ,14722,15703,15172
2026-04-28,Tamil Nadu,Erode,Erode,Turmeric,Bulb,FAQ,12966,14075,13502
2026-04-28,Tamil Nadu,Erode,Gobichettipalayam,Banana,Poovan,FAQ,2324,2709,2505
2026-04-28,Tamil Nadu,Erode,Gobichettipalayam,Banana,Robusta,FAQ,2078,2473,2266
2026-04-29,Tamil Nadu,Erode,Erode,Turmeric,Finger,FAQ,14620,15829,15236
2026-04-29,Tamil Nadu,Erode,Erode,Turmeric,Bulb,FAQ,13020,14015,13488
2026-04-29,Tamil Nadu,Erode,Gobichettipalayam,Banana,Poovan,FAQ,2288,2777,2494
2026-04-29,Tamil Nadu,Erode,Gobichettipalayam,Banana,Robusta,FAQ,2174,2462,2306
2026-04-30,Tamil Nadu,Erode,Erode,Turmeric,Finger,FAQ,14745,15813,15192
2026-04-30,Tamil Nadu,Erode,Erode,Turmeric,Bulb,FAQ,13023,14125,13477
2026-04-30,Tamil Nadu,Erode,Gobichettipalayam,Banana,Poovan,FAQ,2362,2829,2539
2026-04-30,Tamil Nadu,Erode,Gobichettipalayam,Banana,Robusta,FAQ,2154,2452,2281
2026-05-02,Tamil Nadu,Erode,Erode,Turmeric,Finger,FAQ,15016,16116,15417
2026-05-02,Tamil Nadu,Erode,Erode,Turmeric,Bulb,FAQ,12949,14168,13536
2026-05-02,Tamil Nadu,Erode,Gobichettipalayam,Banana,Poovan,FAQ,2295,2768,2499
2026-05-02,Tamil Nadu,Erode,Gobichettipalayam,Banana,Robusta,FAQ,2084,2529,2288
2026-05-04,Tamil Nadu,Erode,Erode,Turmeric,Finger,FAQ,15029,16105,15508
2026-05-04,Tamil Nadu,Erode,Erode,Turmeric,Bulb,FAQ,13171,14005,13576
2026-05-04,Tamil Nadu,Erode,Gobichettipalayam,Banana,Poovan,FAQ,2278,2771,2522
2026-05-04,Tamil Nadu,Erode,Gobichettipalayam,Banana,Robusta,FAQ,1996,2401,2211
2026-05-05,Tamil Nadu,Erode,Erode,Turmeric,Finger,FAQ,14880,16104,15305
2026-05-05,Tamil Nadu,Erode,Erode,Turmeric,Bulb,FAQ,13160,14309,13638
2026-05-05,Tamil Nadu,Erode,Gobichettipalayam,Banana,Poovan,FAQ,2303,2705,2460
2026-05-05,Tamil Nadu,Erode,Gobichettipalayam,Banana,Robusta,FAQ,2065,2366,2208
2026-05-06,Tamil Nadu,Erode,Erode,Turmeric,Finger,FAQ,14807,16033,15327
2026-05-06,Tamil Nadu,Erode,Erode,Turmeric,Bulb,FAQ,12970,14252,13561
2026-05-06,Tamil Nadu,Erode,Gobichettipalayam,Banana,Poovan,FAQ,2240,2720,2464
2026-05-06,Tamil Nadu,Erode,Gobichettipalayam,Banana,Robusta,FAQ,1998,2357,2197
2026-05-07,Tamil Nadu,Erode,Erode,Turmeric,Finger,FAQ,14825,16312,15523
2026-05-07,Tamil Nadu,Erode,Erode,Turmeric,Bulb,FAQ,13249,14212,13679
2026-05-07,Tamil Nadu,Erode,Gobichettipalayam,Banana,Poovan,FAQ,2216,2722,2451
2026-05-07,Tamil Nadu,Erode,Gobichettipalayam,Banana,Robusta,FAQ,2076,2409,2226
2026-05-08,Tamil Nadu,Erode,Erode,Turmeric,Finger,FAQ,15059,16179,15526
2026-05-08,Tamil Nadu,Erode,Erode,Turmeric,Bulb,FAQ,13247,14114,13677
2026-05-08,Tamil Nadu,Erode,Gobichettipalayam,Banana,Poovan,FAQ,2211,2678,2419
2026-05-08,Tamil Nadu,Erode,Gobichettipalayam,Banana,Robusta,FAQ,2119,2410,2251
2026-05-09,Tamil Nadu,Erode,Erode,Turmeric,Finger,FAQ,14789,16083,15448
2026-05-09,Tamil Nadu,Erode,Erode,Turmeric,Bulb,FAQ,13018,14184,13606
2026-05-09,Tamil Nadu,Erode,Gobichettipalayam,Banana,Poovan,FAQ,2238,2646,2419
2026-05-09,Tamil Nadu,Erode,Gobichettipalayam,Banana,Robusta,FAQ,2069,2415,2209
2026-05-11,Tamil Nadu,Erode,Erode,Turmeric,Finger,FAQ,14851,16025,15521
2026-05-11,Tamil Nadu,Erode,Erode,Turmeric,Bulb,FAQ,13210,14452,13769
2026-05-11,Tamil Nadu,Erode,Gobichettipalayam,Banana,Poovan,FAQ,2201,2628,2435
2026-05-11,Tamil Nadu,Erode,Gobichettipalayam,Banana,Robusta,FAQ,2025,2342,2178
2026-05-12,Tamil Nadu,Erode,Erode,Turmeric,Finger,FAQ,14752,16014,15435
2026-05-12,Tamil Nadu,Erode,Erode,Turmeric,Bulb,FAQ,13257,14186,13679
2026-05-12,Tamil Nadu,Erode,Gobichettipalayam,Banana,Poovan,FAQ,2257,2700,2433
2026-05-12,Tamil Nadu,Erode,Gobichettipalayam,Banana,Robusta,FAQ,2005,2401,2189
2026-05-13,Tamil Nadu,Erode,Erode,Turmeric,Finger,FAQ,15095,16068,15521
2026-05-13,Tamil Nadu,Erode,Erode,Turmeric,Bulb,FAQ,13326,14325,13784
2026-05-13,Tamil Nadu,Erode,Gobichettipalayam,Banana,Poovan,FAQ,2239,2611,2389
2026-05-13,Tamil Nadu,Erode,Gobichettipalayam,Banana,Robusta,FAQ,1965,2349,2166
2026-05-14,Tamil Nadu,Erode,Erode,Turmeric,Finger,FAQ,14861,16269,15487
2026-05-14,Tamil Nadu,Erode,Erode,Turmeric,Bulb,FAQ,13354,14500,13813
2026-05-14,Tamil Nadu,Erode,Gobichettipalayam,Banana,Poovan,FAQ,2214,2567,2378
2026-05-14,Tamil Nadu,Erode,Gobichettipalayam,Banana,Robusta,FAQ,1975,2318,2164
2026-05-15,Tamil Nadu,Erode,Erode,Turmeric,Finger,FAQ,14907,16387,15605
2026-05-15,Tamil Nadu,Erode,Erode,Turmeric,Bulb,FAQ,13220,14145,13680
2026-05-15,Tamil Nadu,Erode,Gobichettipalayam,Banana,Poovan,FAQ,2187,2602,2376
2026-05-15,Tamil Nadu,Erode,Gobichettipalayam,Banana,Robusta,FAQ,1979,2320,2144
2026-05-16,Tamil Nadu,Erode,Erode,Turmeric,Finger,FAQ,15102,16235,15554
2026-05-16,Tamil Nadu,Erode,Erode,Turmeric,Bulb,FAQ,13358,14459,13851
2026-05-16,Tamil Nadu,Erode,Gobichettipalayam,Banana,Poovan,FAQ,2199,2643,2444
2026-05-16,Tamil Nadu,Erode,Gobichettipalayam,Banana,Robusta,FAQ,2024,2416,2164
2026-05-18,Tamil Nadu,Erode,Erode,Turmeric,Finger,FAQ,14926,16049,15537
2026-05-18,Tamil Nadu,Erode,Erode,Turmeric,Bulb,FAQ,13177,14285,13715
2026-05-18,Tamil Nadu,Erode,Gobichettipalayam,Banana,Poovan,FAQ,2171,2696,2406
2026-05-18,Tamil Nadu,Erode,Gobichettipalayam,Banana,Robusta,FAQ,2002,2326,2156
2026-05-19,Tamil Nadu,Erode,Erode,Turmeric,Finger,FAQ,14916,16030,15511
2026-05-19,Tamil Nadu,Erode,Erode,Turmeric,Bulb,FAQ,13427,14410,13897
2026-05-19,Tamil Nadu,Erode,Gobichettipalayam,Banana,Poovan,FAQ,2166,2598,2374
2026-05-19,Tamil Nadu,Erode,Gobichettipalayam,Banana,Robusta,FAQ,2010,2337,2159
2026-05-20,Tamil Nadu,Erode,Erode,Turmeric,Finger,FAQ,14978,16180,15476
2026-05-20,Tamil Nadu,Erode,Erode,Turmeric,Bulb,FAQ,13348,14204,13769
2026-05-20,Tamil Nadu,Erode,Gobichettipalayam,Banana,Poovan,FAQ,2185,2641,2379
2026-05-20,Tamil Nadu,Erode,Gobichettipalayam,Banana,Robusta,FAQ,2010,2417,2181
2026-05-21,Tamil Nadu,Erode,Erode,Turmeric,Finger,FAQ,15226,16199,15640
2026-05-21,Tamil Nadu,Erode,Erode,Turmeric,Bulb,FAQ,13318,14449,13916
2026-05-21,Tamil Nadu,Erode,Gobichettipalayam,Banana,Poovan,FAQ,2137,2574,2361
2026-05-21,Tamil Nadu,Erode,Gobichettipalayam,Banana,Robusta,FAQ,1983,2342,2116
2026-05-22,Tamil Nadu,Erode,Erode,Turmeric,Finger,FAQ,15124,16360,15700
2026-05-22,Tamil Nadu,Erode,Erode,Turmeric,Bulb,FAQ,13304,14470,13809
2026-05-22,Tamil Nadu,Erode,Gobichettipalayam,Banana,Poovan,FAQ,2150,2644,2349
2026-05-22,Tamil Nadu,Erode,Gobichettipalayam,Banana,Robusta,FAQ,2038,2364,2182
2026-05-23,Tamil Nadu,Erode,Erode,Turmeric,Finger,FAQ,14884,16007,15507
2026-05-23,Tamil Nadu,Erode,Erode,Turmeric,Bulb,FAQ,13251,14512,13837
2026-05-23,Tamil Nadu,Erode,Gobichettipalayam,Banana,Poovan,FAQ,2176,2718,2418
2026-05-23,Tamil Nadu,Erode,Gobichettipalayam,Banana,Robusta,FAQ,1964,2335,2130
2026-05-25,Tamil Nadu,Erode,Erode,Turmeric,Finger,FAQ,14961,16190,15530
2026-05-25,Tamil Nadu,Erode,Erode,Turmeric,Bulb,FAQ,13316,14346,13883
2026-05-25,Tamil Nadu,Erode,Gobichettipalayam,Banana,Poovan,FAQ,2148,2581,2362
2026-05-25,Tamil Nadu,Erode,Gobichettipalayam,Banana,Robusta,FAQ,1990,2352,2151
2026-05-26,Tamil Nadu,Erode,Erode,Turmeric,Finger,FAQ,14967,16215,15650
2026-05-26,Tamil Nadu,Erode,Erode,Turmeric,Bulb,FAQ,13309,14360,13766
2026-05-26,Tamil Nadu,Erode,Gobichettipalayam,Banana,Poovan,FAQ,2162,2702,2407
2026-05-26,Tamil Nadu,Erode,Gobichettipalayam,Banana,Robusta,FAQ,1921,2341,2119
2026-05-27,Tamil Nadu,Erode,Erode,Turmeric,Finger,FAQ,15050,16437,15657
2026-05-27,Tamil Nadu,Erode,Erode,Turmeric,Bulb,FAQ,13584,14489,13934
2026-05-27,Tamil Nadu,Erode,Gobichettipalayam,Banana,Poovan,FAQ,2178,2589,2354
2026-05-27,Tamil Nadu,Erode,Gobichettipalayam,Banana,Robusta,FAQ,1971,2401,2168
2026-05-28,Tamil Nadu,Erode,Erode,Turmeric,Finger,FAQ,15032,16396,15670
2026-05-28,Tamil Nadu,Erode,Erode,Turmeric,Bulb,FAQ,13314,14345,13836
2026-05-28,Tamil Nadu,Erode,Gobichettipalayam,Banana,Poovan,FAQ,2171,2662,2381
2026-05-28,Tamil Nadu,Erode,Gobichettipalayam,Banana,Robusta,FAQ,1909,2273,2113
2026-05-29,Tamil Nadu,Erode,Erode,Turmeric,Finger,FAQ,14991,16325,15654
2026-05-29,Tamil Nadu,Erode,Erode,Turmeric,Bulb,FAQ,13190,14269,13749
2026-05-29,Tamil Nadu,Erode,Gobichettipalayam,Banana,Poovan,FAQ,2211,2608,2400
2026-05-29,Tamil Nadu,Erode,Gobichettipalayam,Banana,Robusta,FAQ,1978,2269,2116
2026-05-30,Tamil Nadu,Erode,Erode,Turmeric,Finger,FAQ,15008,16276,15533
2026-05-30,Tamil Nadu,Erode,Erode,Turmeric,Bulb,FAQ,13316,14320,13883
2026-05-30,Tamil Nadu,Erode,Gobichettipalayam,Banana,Poovan,FAQ,2167,2663,2370
2026-05-30,Tamil Nadu,Erode,Gobichettipalayam,Banana,Robusta,FAQ,1976,2343,2169
2026-06-01,Tamil Nadu,Erode,Erode,Turmeric,Finger,FAQ,15055,16412,15708
2026-06-01,Tamil Nadu,Erode,Erode,Turmeric,Bulb,FAQ,13403,14192,13790
2026-06-01,Tamil Nadu,Erode,Gobichettipalayam,Banana,Poovan,FAQ,2074,2557,2323
2026-06-01,Tamil Nadu,Erode,Gobichettipalayam,Banana,Robusta,FAQ,1974,2368,2116
2026-06-02,Tamil Nadu,Erode,Erode,Turmeric,Finger,FAQ,15139,16301,15776
2026-06-02,Tamil Nadu,Erode,Erode,Turmeric,Bulb,FAQ,13457,14332,13870
2026-06-02,Tamil Nadu,Erode,Gobichettipalayam,Banana,Poovan,FAQ,2201,2650,2368
2026-06-02,Tamil Nadu,Erode,Gobichettipalayam,Banana,Robusta,FAQ,1941,2363,2146
2026-06-03,Tamil Nadu,Erode,Erode,Turmeric,Finger,FAQ,15047,16431,15673
2026-06-03,Tamil Nadu,Erode,Erode,Turmeric,Bulb,FAQ,13274,14516,13836
2026-06-03,Tamil Nadu,Erode,Gobichettipalayam,Banana,Poovan,FAQ,2197,2642,2367
2026-06-03,Tamil Nadu,Erode,Gobichettipalayam,Banana,Robusta,FAQ,1970,2330,2147
2026-06-04,Tamil Nadu,Erode,Erode,Turmeric,Finger,FAQ,15094,16401,15635
2026-06-04,Tamil Nadu,Erode,Erode,Turmeric,Bulb,FAQ,13340,14372,13850
2026-06-04,Tamil Nadu,Erode,Gobichettipalayam,Banana,Poovan,FAQ,2139,2534,2345
2026-06-04,Tamil Nadu,Erode,Gobichettipalayam,Banana,Robusta,FAQ,1973,2307,2123
2026-06-05,Tamil Nadu,Erode,Erode,Turmeric,Finger,FAQ,15115,16454,15678
2026-06-05,Tamil Nadu,Erode,Erode,Turmeric,Bulb,FAQ,13359,14221,13744
2026-06-05,Tamil Nadu,Erode,Gobichettipalayam,Banana,Poovan,FAQ,2140,2607,2339
2026-06-05,Tamil Nadu,Erode,Gobichettipalayam,Banana,Robusta,FAQ,1897,2284,2107
2026-06-06,Tamil Nadu,Erode,Erode,Turmeric,Finger,FAQ,14924,16244,15536
2026-06-06,Tamil Nadu,Erode,Erode,Turmeric,Bulb,FAQ,13318,14444,13806
2026-06-06,Tamil Nadu,Erode,Gobichettipalayam,Banana,Poovan,FAQ,2207,2570,2364
2026-06-06,Tamil Nadu,Erode,Gobichettipalayam,Banana,Robusta,FAQ,1973,2390,2142
2026-06-08,Tamil Nadu,Erode,Erode,Turmeric,Finger,FAQ,14813,16201,15507
2026-06-08,Tamil Nadu,Erode,Erode,Turmeric,Bulb,FAQ,13486,14417,13837
2026-06-08,Tamil Nadu,Erode,Gobichettipalayam,Banana,Poovan,FAQ,2106,2581,2352
2026-06-08,Tamil Nadu,Erode,Gobichettipalayam,Banana,Robusta,FAQ,1956,2389,2144
2026-06-09,Tamil Nadu,Erode,Erode,Turmeric,Finger,FAQ,14955,16216,15604
2026-06-09,Tamil Nadu,Erode,Erode,Turmeric,Bulb,FAQ,13319,14428,13780
2026-06-09,Tamil Nadu,Erode,Gobichettipalayam,Banana,Poovan,FAQ,2121,2543,2320
2026-06-09,Tamil Nadu,Erode,Gobichettipalayam,Banana,Robusta,FAQ,1932,2315,2144
2026-06-10,Tamil Nadu,Erode,Erode,Turmeric,Finger,FAQ,15261,16499,15726
2026-06-10,Tamil Nadu,Erode,Erode,Turmeric,Bulb,FAQ,13130,14313,13712
2026-06-10,Tamil Nadu,Erode,Gobichettipalayam,Banana,Poovan,FAQ,2172,2658,2394
2026-06-10,Tamil Nadu,Erode,Gobichettipalayam,Banana,Robusta,FAQ,1968,2330,2098
2026-06-11,Tamil Nadu,Erode,Erode,Turmeric,Finger,FAQ,15231,16436,15700
2026-06-11,Tamil Nadu,Erode,Erode,Turmeric,Bulb,FAQ,13385,14280,13747
2026-06-11,Tamil Nadu,Erode,Gobichettipalayam,Banana,Poovan,FAQ,2179,2577,2370
2026-06-11,Tamil Nadu,Erode,Gobichettipalayam,Banana,Robusta,FAQ,1994,2348,2155
2026-06-12,Tamil Nadu,Erode,Erode,Turmeric,Finger,FAQ,15127,16384,15669
2026-06-12,Tamil Nadu,Erode,Erode,Turmeric,Bulb,FAQ,13196,14200,13759
2026-06-12,Tamil Nadu,Erode,Gobichettipalayam,Banana,Poovan,FAQ,2233,2660,2385
2026-06-12,Tamil Nadu,Erode,Gobichettipalayam,Banana,Robusta,FAQ,2043,2363,2169
2026-06-13,Tamil Nadu,Erode,Erode,Turmeric,Finger,FAQ,15147,16102,15582
2026-06-13,Tamil Nadu,Erode,Erode,Turmeric,Bulb,FAQ,13525,14408,13882
2026-06-13,Tamil Nadu,Erode,Gobichettipalayam,Banana,Poovan,FAQ,2201,2612,2353
2026-06-13,Tamil Nadu,Erode,Gobichettipalayam,Banana,Robusta,FAQ,1972,2288,2122
2026-06-15,Tamil Nadu,Erode,Erode,Turmeric,Finger,FAQ,15236,16482,15694
2026-06-15,Tamil Nadu,Erode,Erode,Turmeric,Bulb,FAQ,13261,14261,13730
2026-06-15,Tamil Nadu,Erode,Gobichettipalayam,Banana,Poovan,FAQ,2212,2640,2383
2026-06-15,Tamil Nadu,Erode,Gobichettipalayam,Banana,Robusta,FAQ,1972,2428,2187
2026-06-16,Tamil Nadu,Erode,Erode,Turmeric,Finger,FAQ,15018,16160,15501
2026-06-16,Tamil Nadu,Erode,Erode,Turmeric,Bulb,FAQ,13196,14107,13694
2026-06-16,Tamil Nadu,Erode,Gobichettipalayam,Banana,Poovan,FAQ,2157,2646,2380
2026-06-16,Tamil Nadu,Erode,Gobichettipalayam,Banana,Robusta,FAQ,1992,2403,2162
2026-06-17,Tamil Nadu,Erode,Erode,Turmeric,Finger,FAQ,15097,16159,15535
2026-06-17,Tamil Nadu,Erode,Erode,Turmeric,Bulb,FAQ,13157,14239,13685
2026-06-17,Tamil Nadu,Erode,Gobichettipalayam,Banana,Poovan,FAQ,2207,2716,2433
2026-06-17,Tamil Nadu,Erode,Gobichettipalayam,Banana,Robusta,FAQ,1941,2383,2133
2026-06-18,Tamil Nadu,Erode,Erode,Turmeric,Finger,FAQ,14869,16218,15446
2026-06-18,Tamil Nadu,Erode,Erode,Turmeric,Bulb,FAQ,13240,14348,13759
2026-06-18,Tamil Nadu,Erode,Gobichettipalayam,Banana,Poovan,FAQ,2145,2621,2359
2026-06-18,Tamil Nadu,Erode,Gobichettipalayam,Banana,Robusta,FAQ,2044,2423,2165
2026-06-19,Tamil Nadu,Erode,Erode,Turmeric,Finger,FAQ,14979,16183,15629
2026-06-19,Tamil Nadu,Erode,Erode,Turmeric,Bulb,FAQ,13156,14336,13751
2026-06-19,Tamil Nadu,Erode,Gobichettipalayam,Banana,Poovan,FAQ,2229,2707,2437
2026-06-19,Tamil Nadu,Erode,Gobichettipalayam,Banana,Robusta,FAQ,1970,2317,2145
2026-06-20,Tamil Nadu,Erode,Erode,Turmeric,Finger,FAQ,15133,16446,15671
2026-06-20,Tamil Nadu,Erode,Erode,Turmeric,Bulb,FAQ,13356,14467,13829
2026-06-20,Tamil Nadu,Erode,Gobichettipalayam,Banana,Poovan,FAQ,2173,2671,2416
2026-06-20,Tamil Nadu,Erode,Gobichettipalayam,Banana,Robusta,FAQ,2004,2424,2165
2026-06-22,Tamil Nadu,Erode,Erode,Turmeric,Finger,FAQ,15062,16148,15506
2026-06-22,Tamil Nadu,Erode,Erode,Turmeric,Bulb,FAQ,13371,14360,13836
2026-06-22,Tamil Nadu,Erode,Gobichettipalayam,Banana,Poovan,FAQ,2210,2690,2432
2026-06-22,Tamil Nadu,Erode,Gobichettipalayam,Banana,Robusta,FAQ,2026,2342,2189
2026-06-23,Tamil Nadu,Erode,Erode,Turmeric,Finger,FAQ,15056,16215,15622
2026-06-23,Tamil Nadu,Erode,Erode,Turmeric,Bulb,FAQ,13320,14305,13724
2026-06-23,Tamil Nadu,Erode,Gobichettipalayam,Banana,Poovan,FAQ,2220,2628,2413
2026-06-23,Tamil Nadu,Erode,Gobichettipalayam,Banana,Robusta,FAQ,2014,2408,2223
2026-06-24,Tamil Nadu,Erode,Erode,Turmeric,Finger,FAQ,14697,15958,15361
2026-06-24,Tamil Nadu,Erode,Erode,Turmeric,Bulb,FAQ,13198,14217,13609
2026-06-24,Tamil Nadu,Erode,Gobichettipalayam,Banana,Poovan,FAQ,2227,2725,2448
2026-06-24,Tamil Nadu,Erode,Gobichettipalayam,Banana,Robusta,FAQ,1974,2392,2182
2026-06-25,Tamil Nadu,Erode,Erode,Turmeric,Finger,FAQ,14965,16102,15594
2026-06-25,Tamil Nadu,Erode,Erode,Turmeric,Bulb,FAQ,13174,14112,13599
2026-06-25,Tamil Nadu,Erode,Gobichettipalayam,Banana,Poovan,FAQ,2206,2655,2444
2026-06-25,Tamil Nadu,Erode,Gobichettipalayam,Banana,Robusta,FAQ,1993,2421,2197
2026-06-26,Tamil Nadu,Erode,Erode,Turmeric,Finger,FAQ,14875,16300,15517
2026-06-26,Tamil Nadu,Erode,Erode,Turmeric,Bulb,FAQ,13261,14316,13699
2026-06-26,Tamil Nadu,Erode,Gobichettipalayam,Banana,Poovan,FAQ,2277,2694,2469
2026-06-26,Tamil Nadu,Erode,Gobichettipalayam,Banana,Robusta,FAQ,2067,2410,2221
2026-06-27,Tamil Nadu,Erode,Erode,Turmeric,Finger,FAQ,14925,16004,15443
2026-06-27,Tamil Nadu,Erode,Erode,Turmeric,Bulb,FAQ,13337,14297,13736
2026-06-27,Tamil Nadu,Erode,Gobichettipalayam,Banana,Poovan,FAQ,2176,2669,2421
2026-06-27,Tamil Nadu,Erode,Gobichettipalayam,Banana,Robusta,FAQ,2048,2369,2192
2026-06-29,Tamil Nadu,Erode,Erode,Turmeric,Finger,FAQ,14992,16301,15533
2026-06-29,Tamil Nadu,Erode,Erode,Turmeric,Bulb,FAQ,13256,14129,13678
2026-06-29,Tamil Nadu,Erode,Gobichettipalayam,Banana,Poovan,FAQ,2258,2654,2445
2026-06-29,Tamil Nadu,Erode,Gobichettipalayam,Banana,Robusta,FAQ,2085,2415,2227
2026-06-30,Tamil Nadu,Erode,Erode,Turmeric,Finger,FAQ,14605,15842,15278
2026-06-30,Tamil Nadu,Erode,Erode,Turmeric,Bulb,FAQ,13221,14009,13582
2026-06-30,Tamil Nadu,Erode,Gobichettipalayam,Banana,Poovan,FAQ,2311,2767,2498
2026-06-30,Tamil Nadu,Erode,Gobichettipalayam,Banana,Robusta,FAQ,2003,2450,2204
2026-07-01,Tamil Nadu,Erode,Erode,Turmeric,Finger,FAQ,15055,16013,15507
2026-07-01,Tamil Nadu,Erode,Erode,Turmeric,Bulb,FAQ,13222,14284,13644
2026-07-01,Tamil Nadu,Erode,Gobichettipalayam,Banana,Poovan,FAQ,2290,2719,2496
2026-07-01,Tamil Nadu,Erode,Gobichettipalayam,Banana,Robusta,FAQ,2091,2399,2217
2026-07-02,Tamil Nadu,Erode,Erode,Turmeric,Finger,FAQ,15026,16017,15484
2026-07-02,Tamil Nadu,Erode,Erode,Turmeric,Bulb,FAQ,13111,14023,13586
2026-07-02,Tamil Nadu,Erode,Gobichettipalayam,Banana,Poovan,FAQ,2286,2783,2516
2026-07-02,Tamil Nadu,Erode,Gobichettipalayam,Banana,Robusta,FAQ,2067,2375,2206
2026-07-03,Tamil Nadu,Erode,Erode,Turmeric,Finger,FAQ,14936,16006,15379
2026-07-03,Tamil Nadu,Erode,Erode,Turmeric,Bulb,FAQ,13008,14113,13500
2026-07-03,Tamil Nadu,Erode,Gobichettipalayam,Banana,Poovan,FAQ,2301,2808,2527
2026-07-03,Tamil Nadu,Erode,Gobichettipalayam,Banana,Robusta,FAQ,2138,2535,2286
2026-07-04,Tamil Nadu,Erode,Erode,Turmeric,Finger,FAQ,14881,16205,15475
2026-07-04,Tamil Nadu,Erode,Erode,Turmeric,Bulb,FAQ,13142,14187,13568
2026-07-04,Tamil Nadu,Erode,Gobichettipalayam,Banana,Poovan,FAQ,2275,2756,2497
2026-07-04,Tamil Nadu,Erode,Gobichettipalayam,Banana,Robusta,FAQ,2022,2464,2220
2026-07-06,Tamil Nadu,Erode,Erode,Turmeric,Finger,FAQ,14718,15832,15224
2026-07-06,Tamil Nadu,Erode,Erode,Turmeric,Bulb,FAQ,12973,13933,13492
2026-07-06,Tamil Nadu,Erode,Gobichettipalayam,Banana,Poovan,FAQ,2313,2695,2493
2026-07-06,Tamil Nadu,Erode,Gobichettipalayam,Banana,Robusta,FAQ,2167,2466,2296
2026-07-07,Tamil Nadu,Erode,Erode,Turmeric,Finger,FAQ,14549,15888,15158
2026-07-07,Tamil Nadu,Erode,Erode,Turmeric,Bulb,FAQ,13083,14225,13585
2026-07-07,Tamil Nadu,Erode,Gobichettipalayam,Banana,Poovan,FAQ,2363,2726,2517
2026-07-07,Tamil Nadu,Erode,Gobichettipalayam,Banana,Robusta,FAQ,2058,2454,2268
2026-07-08,Tamil Nadu,Erode,Erode,Turmeric,Finger,FAQ,14935,15990,15371
2026-07-08,Tamil Nadu,Erode,Erode,Turmeric,Bulb,FAQ,12909,13961,13460
2026-07-08,Tamil Nadu,Erode,Gobichettipalayam,Banana,Poovan,FAQ,2377,2790,2541
2026-07-08,Tamil Nadu,Erode,Gobichettipalayam,Banana,Robusta,FAQ,2064,2435,2266
2026-07-09,Tamil Nadu,Erode,Erode,Turmeric,Finger,FAQ,14786,15794,15258
2026-07-09,Tamil Nadu,Erode,Erode,Turmeric,Bulb,FAQ,13001,13950,13393
2026-07-09,Tamil Nadu,Erode,Gobichettipalayam,Banana,Poovan,FAQ,2326,2856,2571
2026-07-09,Tamil Nadu,Erode,Gobichettipalayam,Banana,Robusta,FAQ,2161,2523,2317
2026-07-10,Tamil Nadu,Erode,Erode,Turmeric,Finger,FAQ,14528,15822,15167
2026-07-10,Tamil Nadu,Erode,Erode,Turmeric,Bulb,FAQ,13088,14080,13541
2026-07-10,Tamil Nadu,Erode,Gobichettipalayam,Banana,Poovan,FAQ,2347,2809,2566
2026-07-10,Tamil Nadu,Erode,Gobichettipalayam,Banana,Robusta,FAQ,2177,2533,2307
2026-07-11,Tamil Nadu,Erode,Erode,Turmeric,Finger,FAQ,14485,15771,15106
2026-07-11,Tamil Nadu,Erode,Erode,Turmeric,Bulb,FAQ,13085,13912,13499
2026-07-11,Tamil Nadu,Erode,Gobichettipalayam,Banana,Poovan,FAQ,2341,2786,2520
2026-07-11,Tamil Nadu,Erode,Gobichettipalayam,Banana,Robusta,FAQ,2135,2482,2330
2026-07-13,Tamil Nadu,Erode,Erode,Turmeric,Finger,FAQ,14491,15706,15186
2026-07-13,Tamil Nadu,Erode,Erode,Turmeric,Bulb,FAQ,12964,13996,13507
2026-07-13,Tamil Nadu,Erode,Gobichettipalayam,Banana,Poovan,FAQ,2367,2846,2583
2026-07-13,Tamil Nadu,Erode,Gobichettipalayam,Banana,Robusta,FAQ,2170,2498,2325
2026-07-14,Tamil Nadu,Erode,Erode,Turmeric,Finger,FAQ,14603,15800,15254
2026-07-14,Tamil Nadu,Erode,Erode,Turmeric,Bulb,FAQ,12977,14025,13416
2026-07-14,Tamil Nadu,Erode,Gobichettipalayam,Banana,Poovan,FAQ,2381,2837,2572
2026-07-14,Tamil Nadu,Erode,Gobichettipalayam,Banana,Robusta,FAQ,2147,2479,2287
2026-07-15,Tamil Nadu,Erode,Erode,Turmeric,Finger,FAQ,14569,15869,15222
2026-07-15,Tamil Nadu,Erode,Erode,Turmeric,Bulb,FAQ,12857,14053,13448
2026-07-15,Tamil Nadu,Erode,Gobichettipalayam,Banana,Poovan,FAQ,2452,2844,2606
2026-07-15,Tamil Nadu,Erode,Gobichettipalayam,Banana,Robusta,FAQ,2131,2473,2291
2026-07-16,Tamil Nadu,Erode,Erode,Turmeric,Finger,FAQ,14700,15865,15159
2026-07-16,Tamil Nadu,Erode,Erode,Turmeric,Bulb,FAQ,13002,13883,13483
2026-07-16,Tamil Nadu,Erode,Gobichettipalayam,Banana,Poovan,FAQ,2408,2866,2627
2026-07-16,Tamil Nadu,Erode,Gobichettipalayam,Banana,Robusta,FAQ,2211,2511,2337
2026-07-17,Tamil Nadu,Erode,Erode,Turmeric,Finger,FAQ,14655,15995,15240
2026-07-17,Tamil Nadu,Erode,Erode,Turmeric,Bulb,FAQ,12942,13831,13405
2026-07-17,Tamil Nadu,Erode,Gobichettipalayam,Banana,Poovan,FAQ,2391,2825,2575
2026-07-17,Tamil Nadu,Erode,Gobichettipalayam,Banana,Robusta,FAQ,2150,2512,2306
2026-07-18,Tamil Nadu,Erode,Erode,Turmeric,Finger,FAQ,14742,15718,15204
2026-07-18,Tamil Nadu,Erode,Erode,Turmeric,Bulb,FAQ,12885,13912,13390
2026-07-18,Tamil Nadu,Erode,Gobichettipalayam,Banana,Poovan,FAQ,2475,2864,2645
2026-07-18,Tamil Nadu,Erode,Gobichettipalayam,Banana,Robusta,FAQ,2244,2585,2365
2026-07-20,Tamil Nadu,Erode,Erode,Turmeric,Finger,FAQ,14679,15741,15126
2026-07-20,Tamil Nadu,Erode,Erode,Turmeric,Bulb,FAQ,12827,13868,13410
2026-07-20,Tamil Nadu,Erode,Gobichettipalayam,Banana,Poovan,FAQ,2460,2887,2625
2026-07-20,Tamil Nadu,Erode,Gobichettipalayam,Banana,Robusta,FAQ,2141,2565,2324
2026-07-21,Tamil Nadu,Erode,Erode,Turmeric,Finger,FAQ,14389,15688,15049
2026-07-21,Tamil Nadu,Erode,Erode,Turmeric,Bulb,FAQ,12721,13931,13284
2026-07-21,Tamil Nadu,Erode,Gobichettipalayam,Banana,Poovan,FAQ,2450,2869,2631
2026-07-21,Tamil Nadu,Erode,Gobichettipalayam,Banana,Robusta,FAQ,2241,2578,2379
2026-07-22,Tamil Nadu,Erode,Erode,Turmeric,Finger,FAQ,14318,15547,14978
2026-07-22,Tamil Nadu,Erode,Erode,Turmeric,Bulb,FAQ,13015,13923,13382
2026-07-22,Tamil Nadu,Erode,Gobichettipalayam,Banana,Poovan,FAQ,2436,2928,2629
2026-07-22,Tamil Nadu,Erode,Gobichettipalayam,Banana,Robusta,FAQ,2223,2632,2377
2026-07-23,Tamil Nadu,Erode,Erode,Turmeric,Finger,FAQ,14319,15515,14863
2026-07-23,Tamil Nadu,Erode,Erode,Turmeric,Bulb,FAQ,12858,14054,13358
2026-07-23,Tamil Nadu,Erode,Gobichettipalayam,Banana,Poovan,FAQ,2452,2954,2664
2026-07-23,Tamil Nadu,Erode,Gobichettipalayam,Banana,Robusta,FAQ,2159,2554,2336
2026-07-24,Tamil Nadu,Erode,Erode,Turmeric,Finger,FAQ,14514,15760,15090
2026-07-24,Tamil Nadu,Erode,Erode,Turmeric,Bulb,FAQ,12723,13946,13268
2026-07-24,Tamil Nadu,Erode,Gobichettipalayam,Banana,Poovan,FAQ,2425,2932,2633
2026-07-24,Tamil Nadu,Erode,Gobichettipalayam,Banana,Robusta,FAQ,2218,2601,2362
2026-07-25,Tamil Nadu,Erode,Erode,Turmeric,Finger,FAQ,14255,15643,14947
2026-07-25,Tamil Nadu,Erode,Erode,Turmeric,Bulb,FAQ,12600,13779,13169
2026-07-25,Tamil Nadu,Erode,Gobichettipalayam,Banana,Poovan,FAQ,2404,2869,2594
2026-07-25,Tamil Nadu,Erode,Gobichettipalayam,Banana,Robusta,FAQ,2174,2637,2384
2026-07-27,Tamil Nadu,Erode,Erode,Turmeric,Finger,FAQ,14386,15560,14983
2026-07-27,Tamil Nadu,Erode,Erode,Turmeric,Bulb,FAQ,12607,13621,13203
2026-07-27,Tamil Nadu,Erode,Gobichettipalayam,Banana,Poovan,FAQ,2398,2867,2612
2026-07-27,Tamil Nadu,Erode,Gobichettipalayam,Banana,Robusta,FAQ,2240,2630,2372
2026-07-28,Tamil Nadu,Erode,Erode,Turmeric,Finger,FAQ,14543,15763,14994
2026-07-28,Tamil Nadu,Erode,Erode,Turmeric,Bulb,FAQ,12823,13649,13176
2026-07-28,Tamil Nadu,Erode,Gobichettipalayam,Banana,Poovan,FAQ,2418,2850,2651
2026-07-28,Tamil Nadu,Erode,Gobichettipalayam,Banana,Robusta,FAQ,2162,2592,2342
2026-07-29,Tamil Nadu,Erode,Erode,Turmeric,Finger,FAQ,14313,15589,14886
2026-07-29,Tamil Nadu,Erode,Erode,Turmeric,Bulb,FAQ,12840,13778,13210
2026-07-29,Tamil Nadu,Erode,Gobichettipalayam,Banana,Poovan,FAQ,2469,2915,2687
2026-07-29,Tamil Nadu,Erode,Gobichettipalayam,Banana,Robusta,FAQ,2175,2616,2375
2026-07-30,Tamil Nadu,Erode,Erode,Turmeric,Finger,FAQ,14305,15500,14982
2026-07-30,Tamil Nadu,Erode,Erode,Turmeric,Bulb,FAQ,12819,13706,13186
2026-07-30,Tamil Nadu,Erode,Gobichettipalayam,Banana,Poovan,FAQ,2447,2981,2684
2026-07-30,Tamil Nadu,Erode,Gobichettipalayam,Banana,Robusta,FAQ,2224,2618,2373
2026-07-31,Tamil Nadu,Erode,Erode,Turmeric,Finger,FAQ,14139,15311,14761
2026-07-31,Tamil Nadu,Erode,Erode,Turmeric,Bulb,FAQ,12694,13657,13206
2026-07-31,Tamil Nadu,Erode,Gobichettipalayam,Banana,Poovan,FAQ,2490,2929,2661
2026-07-31,Tamil Nadu,Erode,Gobichettipalayam,Banana,Robusta,FAQ,2254,2532,2377
2026-08-01,Tamil Nadu,Erode,Erode,Turmeric,Finger,FAQ,14436,15514,14864
2026-08-01,Tamil Nadu,Erode,Erode,Turmeric,Bulb,FAQ,12642,13707,13087
2026-08-01,Tamil Nadu,Erode,Gobichettipalayam,Banana,Poovan,FAQ,2444,2872,2625
2026-08-01,Tamil Nadu,Erode,Gobichettipalayam,Banana,Robusta,FAQ,2200,2629,2392
2026-08-03,Tamil Nadu,Erode,Erode,Turmeric,Finger,FAQ,14268,15344,14755
2026-08-03,Tamil Nadu,Erode,Erode,Turmeric,Bulb,FAQ,12479,13580,12985
2026-08-03,Tamil Nadu,Erode,Gobichettipalayam,Banana,Poovan,FAQ,2451,2898,2688
2026-08-03,Tamil Nadu,Erode,Gobichettipalayam,Banana,Robusta,FAQ,2211,2573,2405
2026-08-04,Tamil Nadu,Erode,Erode,Turmeric,Finger,FAQ,14128,15394,14764
2026-08-04,Tamil Nadu,Erode,Erode,Turmeric,Bulb,FAQ,12651,13470,13066
2026-08-04,Tamil Nadu,Erode,Gobichettipalayam,Banana,Poovan,FAQ,2482,2934,2668
2026-08-04,Tamil Nadu,Erode,Gobichettipalayam,Banana,Robusta,FAQ,2271,2570,2411
2026-08-05,Tamil Nadu,Erode,Erode,Turmeric,Finger,FAQ,14279,15655,14855
2026-08-05,Tamil Nadu,Erode,Erode,Turmeric,Bulb,FAQ,12497,13627,13010
2026-08-05,Tamil Nadu,Erode,Gobichettipalayam,Banana,Poovan,FAQ,2515,2935,2697
2026-08-05,Tamil Nadu,Erode,Gobichettipalayam,Banana,Robusta,FAQ,2235,2579,2380
2026-08-06,Tamil Nadu,Erode,Erode,Turmeric,Finger,FAQ,14406,15481,14860
2026-08-06,Tamil Nadu,Erode,Erode,Turmeric,Bulb,FAQ,12521,13600,13017
2026-08-06,Tamil Nadu,Erode,Gobichettipalayam,Banana,Poovan,FAQ,2495,2951,2682
2026-08-06,Tamil Nadu,Erode,Gobichettipalayam,Banana,Robusta,FAQ,2257,2635,2379
2026-08-07,Tamil Nadu,Erode,Erode,Turmeric,Finger,FAQ,14259,15303,14799
2026-08-07,Tamil Nadu,Erode,Erode,Turmeric,Bulb,FAQ,12478,13474,13049
2026-08-07,Tamil Nadu,Erode,Gobichettipalayam,Banana,Poovan,FAQ,2440,2928,2685
2026-08-07,Tamil Nadu,Erode,Gobichettipalayam,Banana,Robusta,FAQ,2158,2629,2377
2026-08-08,Tamil Nadu,Erode,Erode,Turmeric,Finger,FAQ,14118,15310,14698
2026-08-08,Tamil Nadu,Erode,Erode,Turmeric,Bulb,FAQ,12655,13581,13053
2026-08-08,Tamil Nadu,Erode,Gobichettipalayam,Banana,Poovan,FAQ,2447,2965,2693
2026-08-08,Tamil Nadu,Erode,Gobichettipalayam,Banana,Robusta,FAQ,2157,2519,2357
2026-08-10,Tamil Nadu,Erode,Erode,Turmeric,Finger,FAQ,14013,15296,14571
2026-08-10,Tamil Nadu,Erode,Erode,Turmeric,Bulb,FAQ,12374,13458,12872
2026-08-10,Tamil Nadu,Erode,Gobichettipalayam,Banana,Poovan,FAQ,2459,2916,2620
2026-08-10,Tamil Nadu,Erode,Gobichettipalayam,Banana,Robusta,FAQ,2213,2619,2374
2026-08-11,Tamil Nadu,Erode,Erode,Turmeric,Finger,FAQ,14259,15350,14748
2026-08-11,Tamil Nadu,Erode,Erode,Turmeric,Bulb,FAQ,12333,13560,12884
2026-08-11,Tamil Nadu,Erode,Gobichettipalayam,Banana,Poovan,FAQ,2431,2892,2648
2026-08-11,Tamil Nadu,Erode,Gobichettipalayam,Banana,Robusta,FAQ,2229,2552,2370
2026-08-12,Tamil Nadu,Erode,Erode,Turmeric,Finger,FAQ,14217,15441,14768
2026-08-12,Tamil Nadu,Erode,Erode,Turmeric,Bulb,FAQ,12664,13682,13043
2026-08-12,Tamil Nadu,Erode,Gobichettipalayam,Banana,Poovan,FAQ,2441,2885,2609
2026-08-12,Tamil Nadu,Erode,Gobichettipalayam,Banana,Robusta,FAQ,2156,2604,2362
2026-08-13,Tamil Nadu,Erode,Erode,Turmeric,Finger,FAQ,14026,15398,14711
2026-08-13,Tamil Nadu,Erode,Erode,Turmeric,Bulb,FAQ,12296,13450,12848
2026-08-13,Tamil Nadu,Erode,Gobichettipalayam,Banana,Poovan,FAQ,2415,2846,2598
2026-08-13,Tamil Nadu,Erode,Gobichettipalayam,Banana,Robusta,FAQ,2168,2543,2346
2026-08-14,Tamil Nadu,Erode,Erode,Turmeric,Finger,FAQ,13930,15324,14629
2026-08-14,Tamil Nadu,Erode,Erode,Turmeric,Bulb,FAQ,12510,13613,13023
2026-08-14,Tamil Nadu,Erode,Gobichettipalayam,Banana,Poovan,FAQ,2370,2815,2606
2026-08-14,Tamil Nadu,Erode,Gobichettipalayam,Banana,Robusta,FAQ,2265,2617,2388
2026-08-17,Tamil Nadu,Erode,Erode,Turmeric,Finger,FAQ,14111,15156,14624
2026-08-17,Tamil Nadu,Erode,Erode,Turmeric,Bulb,FAQ,12381,13578,12941
2026-08-17,Tamil Nadu,Erode,Gobichettipalayam,Banana,Poovan,FAQ,2483,2934,2671
2026-08-17,Tamil Nadu,Erode,Gobichettipalayam,Banana,Robusta,FAQ,2237,2538,2371
2026-08-18,Tamil Nadu,Erode,Erode,Turmeric,Finger,FAQ,14049,15123,14468
2026-08-18,Tamil Nadu,Erode,Erode,Turmeric,Bulb,FAQ,12516,13344,12895
2026-08-18,Tamil Nadu,Erode,Gobichettipalayam,Banana,Poovan,FAQ,2389,2804,2607
2026-08-18,Tamil Nadu,Erode,Gobichettipalayam,Banana,Robusta,FAQ,2186,2561,2364
2026-08-19,Tamil Nadu,Erode,Erode,Turmeric,Finger,FAQ,13948,15227,14648
2026-08-19,Tamil Nadu,Erode,Erode,Turmeric,Bulb,FAQ,12529,13435,12985
2026-08-19,Tamil Nadu,Erode,Gobichettipalayam,Banana,Poovan,FAQ,2407,2867,2635
2026-08-19,Tamil Nadu,Erode,Gobichettipalayam,Banana,Robusta,FAQ,2222,2584,2346
2026-08-20,Tamil Nadu,Erode,Erode,Turmeric,Finger,FAQ,14101,15339,14612
2026-08-20,Tamil Nadu,Erode,Erode,Turmeric,Bulb,FAQ,12269,13382,12862
2026-08-20,Tamil Nadu,Erode,Gobichettipalayam,Banana,Poovan,FAQ,2452,2881,2614
2026-08-20,Tamil Nadu,Erode,Gobichettipalayam,Banana,Robusta,FAQ,2164,2585,2353
2026-08-21,Tamil Nadu,Erode,Erode,Turmeric,Finger,FAQ,14165,15299,14596
2026-08-21,Tamil Nadu,Erode,Erode,Turmeric,Bulb,FAQ,12412,13272,12810
2026-08-21,Tamil Nadu,Erode,Gobichettipalayam,Banana,Poovan,FAQ,2459,2884,2620
2026-08-21,Tamil Nadu,Erode,Gobichettipalayam,Banana,Robusta,FAQ,2127,2560,2329
2026-08-22,Tamil Nadu,Erode,Erode,Turmeric,Finger,FAQ,13989,15084,14414
2026-08-22,Tamil Nadu,Erode,Erode,Turmeric,Bulb,FAQ,12411,13482,12793
2026-08-22,Tamil Nadu,Erode,Gobichettipalayam,Banana,Poovan,FAQ,2425,2869,2583
2026-08-22,Tamil Nadu,Erode,Gobichettipalayam,Banana,Robusta,FAQ,2221,2592,2367
2026-08-24,Tamil Nadu,Erode,Erode,Turmeric,Finger,FAQ,13977,15164,14496
2026-08-24,Tamil Nadu,Erode,Erode,Turmeric,Bulb,FAQ,12526,13314,12913
2026-08-24,Tamil Nadu,Erode,Gobichettipalayam,Banana,Poovan,FAQ,2412,2776,2580
2026-08-24,Tamil Nadu,Erode,Gobichettipalayam,Banana,Robusta,FAQ,2204,2608,2356
2026-08-25,Tamil Nadu,Erode,Erode,Turmeric,Finger,FAQ,14011,14980,14467
2026-08-25,Tamil Nadu,Erode,Erode,Turmeric,Bulb,FAQ,12388,13324,12741
2026-08-25,Tamil Nadu,Erode,Gobichettipalayam,Banana,Poovan,FAQ,2343,2789,2568
2026-08-25,Tamil Nadu,Erode,Gobichettipalayam,Banana,Robusta,FAQ,2142,2467,2284
2026-08-26,Tamil Nadu,Erode,Erode,Turmeric,Finger,FAQ,13932,15111,14396
2026-08-26,Tamil Nadu,Erode,Erode,Turmeric,Bulb,FAQ,12456,13267,12835
2026-08-26,Tamil Nadu,Erode,Gobichettipalayam,Banana,Poovan,FAQ,2385,2871,2592
2026-08-26,Tamil Nadu,Erode,Gobichettipalayam,Banana,Robusta,FAQ,2137,2547,2322
2026-08-27,Tamil Nadu,Erode,Erode,Turmeric,Finger,FAQ,13787,15175,14418
2026-08-27,Tamil Nadu,Erode,Erode,Turmeric,Bulb,FAQ,12159,13173,12751
2026-08-27,Tamil Nadu,Erode,Gobichettipalayam,Banana,Poovan,FAQ,2393,2827,2609
2026-08-27,Tamil Nadu,Erode,Gobichettipalayam,Banana,Robusta,FAQ,2126,2481,2328
2026-08-28,Tamil Nadu,Erode,Erode,Turmeric,Finger,FAQ,13743,15093,14388
2026-08-28,Tamil Nadu,Erode,Erode,Turmeric,Bulb,FAQ,12273,13253,12798
2026-08-28,Tamil Nadu,Erode,Gobichettipalayam,Banana,Poovan,FAQ,2339,2876,2580
2026-08-28,Tamil Nadu,Erode,Gobichettipalayam,Banana,Robusta,FAQ,2192,2481,2321
2026-08-29,Tamil Nadu,Erode,Erode,Turmeric,Finger,FAQ,14040,15048,14515
2026-08-29,Tamil Nadu,Erode,Erode,Turmeric,Bulb,FAQ,12296,13415,12716
2026-08-29,Tamil Nadu,Erode,Gobichettipalayam,Banana,Poovan,FAQ,2340,2802,2581
2026-08-29,Tamil Nadu,Erode,Gobichettipalayam,Banana,Robusta,FAQ,2111,2524,2307
2026-08-31,Tamil Nadu,Erode,Erode,Turmeric,Finger,FAQ,13860,15250,14492
2026-08-31,Tamil Nadu,Erode,Erode,Turmeric,Bulb,FAQ,12369,13279,12829
2026-08-31,Tamil Nadu,Erode,Gobichettipalayam,Banana,Poovan,FAQ,2422,2875,2586
2026-08-31,Tamil Nadu,Erode,Gobichettipalayam,Banana,Robusta,FAQ,2105,2577,2317
2026-09-01,Tamil Nadu,Erode,Erode,Turmeric,Finger,FAQ,13828,15179,14448
2026-09-01,Tamil Nadu,Erode,Erode,Turmeric,Bulb,FAQ,12491,13510,12899
2026-09-01,Tamil Nadu,Erode,Gobichettipalayam,Banana,Poovan,FAQ,2325,2764,2533
2026-09-01,Tamil Nadu,Erode,Gobichettipalayam,Banana,Robusta,FAQ,2080,2455,2293
2026-09-02,Tamil Nadu,Erode,Erode,Turmeric,Finger,FAQ,13876,15154,14494
2026-09-02,Tamil Nadu,Erode,Erode,Turmeric,Bulb,FAQ,12424,13430,12839
2026-09-02,Tamil Nadu,Erode,Gobichettipalayam,Banana,Poovan,FAQ,2265,2800,2502
2026-09-02,Tamil Nadu,Erode,Gobichettipalayam,Banana,Robusta,FAQ,2166,2455,2294
2026-09-03,Tamil Nadu,Erode,Erode,Turmeric,Finger,FAQ,13928,15096,14375
2026-09-03,Tamil Nadu,Erode,Erode,Turmeric,Bulb,FAQ,12150,13280,12690
2026-09-03,Tamil Nadu,Erode,Gobichettipalayam,Banana,Poovan,FAQ,2270,2678,2491
2026-09-03,Tamil Nadu,Erode,Gobichettipalayam,Banana,Robusta,FAQ,2112,2524,2303
2026-09-04,Tamil Nadu,Erode,Erode,Turmeric,Finger,FAQ,14035,15207,14497
2026-09-04,Tamil Nadu,Erode,Erode,Turmeric,Bulb,FAQ,12181,13370,12754
2026-09-04,Tamil Nadu,Erode,Gobichettipalayam,Banana,Poovan,FAQ,2288,2730,2474
2026-09-04,Tamil Nadu,Erode,Gobichettipalayam,Banana,Robusta,FAQ,2095,2423,2260
2026-09-05,Tamil Nadu,Erode,Erode,Turmeric,Finger,FAQ,14079,15166,14587
2026-09-05,Tamil Nadu,Erode,Erode,Turmeric,Bulb,FAQ,12358,13345,12831
2026-09-05,Tamil Nadu,Erode,Gobichettipalayam,Banana,Poovan,FAQ,2279,2761,2473
2026-09-05,Tamil Nadu,Erode,Gobichettipalayam,Banana,Robusta,FAQ,2119,2450,2286
2026-09-07,Tamil Nadu,Erode,Erode,Turmeric,Finger,FAQ,13776,15084,14469
2026-09-07,Tamil Nadu,Erode,Erode,Turmeric,Bulb,FAQ,12409,13555,12868
2026-09-07,Tamil Nadu,Erode,Gobichettipalayam,Banana,Poovan,FAQ,2296,2790,2524
2026-09-07,Tamil Nadu,Erode,Gobichettipalayam,Banana,Robusta,FAQ,2150,2500,2273
2026-09-08,Tamil Nadu,Erode,Erode,Turmeric,Finger,FAQ,14049,15055,14463
2026-09-08,Tamil Nadu,Erode,Erode,Turmeric,Bulb,FAQ,12203,13290,12732
2026-09-08,Tamil Nadu,Erode,Gobichettipalayam,Banana,Poovan,FAQ,2287,2661,2481
2026-09-08,Tamil Nadu,Erode,Gobichettipalayam,Banana,Robusta,FAQ,2081,2441,2219
2026-09-09,Tamil Nadu,Erode,Erode,Turmeric,Finger,FAQ,14099,15106,14534
2026-09-09,Tamil Nadu,Erode,Erode,Turmeric,Bulb,FAQ,12341,13268,12853
2026-09-09,Tamil Nadu,Erode,Gobichettipalayam,Banana,Poovan,FAQ,2196,2688,2441
2026-09-09,Tamil Nadu,Erode,Gobichettipalayam,Banana,Robusta,FAQ,2049,2420,2217
2026-09-10,Tamil Nadu,Erode,Erode,Turmeric,Finger,FAQ,13988,15142,14562
2026-09-10,Tamil Nadu,Erode,Erode,Turmeric,Bulb,FAQ,12330,13325,12759
2026-09-10,Tamil Nadu,Erode,Gobichettipalayam,Banana,Poovan,FAQ,2269,2685,2495
2026-09-10,Tamil Nadu,Erode,Gobichettipalayam,Banana,Robusta,FAQ,2050,2359,2189
2026-09-11,Tamil Nadu,Erode,Erode,Turmeric,Finger,FAQ,13917,14997,14358
2026-09-11,Tamil Nadu,Erode,Erode,Turmeric,Bulb,FAQ,12261,13397,12780
2026-09-11,Tamil Nadu,Erode,Gobichettipalayam,Banana,Poovan,FAQ,2251,2714,2478
2026-09-11,Tamil Nadu,Erode,Gobichettipalayam,Banana,Robusta,FAQ,2076,2407,2230
2026-09-12,Tamil Nadu,Erode,Erode,Turmeric,Finger,FAQ,14140,15274,14598
2026-09-12,Tamil Nadu,Erode,Erode,Turmeric,Bulb,FAQ,12402,13325,12780
2026-09-12,Tamil Nadu,Erode,Gobichettipalayam,Banana,Poovan,FAQ,2259,2750,2495
2026-09-12,Tamil Nadu,Erode,Gobichettipalayam,Banana,Robusta,FAQ,2046,2468,2233
2026-09-15,Tamil Nadu,Erode,Erode,Turmeric,Finger,FAQ,14083,15118,14506
2026-09-15,Tamil Nadu,Erode,Erode,Turmeric,Bulb,FAQ,12280,13211,12783
2026-09-15,Tamil Nadu,Erode,Gobichettipalayam,Banana,Poovan,FAQ,2212,2606,2388
2026-09-15,Tamil Nadu,Erode,Gobichettipalayam,Banana,Robusta,FAQ,1963,2348,2181
2026-09-16,Tamil Nadu,Erode,Erode,Turmeric,Finger,FAQ,13937,15152,14485
2026-09-16,Tamil Nadu,Erode,Erode,Turmeric,Bulb,FAQ,12366,13371,12717
2026-09-16,Tamil Nadu,Erode,Gobichettipalayam,Banana,Poovan,FAQ,2265,2633,2437
2026-09-16,Tamil Nadu,Erode,Gobichettipalayam,Banana,Robusta,FAQ,2008,2436,2196
2026-09-17,Tamil Nadu,Erode,Erode,Turmeric,Finger,FAQ,13822,15264,14478
2026-09-17,Tamil Nadu,Erode,Erode,Turmeric,Bulb,FAQ,12385,13487,12906
2026-09-17,Tamil Nadu,Erode,Gobichettipalayam,Banana,Poovan,FAQ,2184,2674,2384
2026-09-17,Tamil Nadu,Erode,Gobichettipalayam,Banana,Robusta,FAQ,1973,2300,2148
2026-09-18,Tamil Nadu,Erode,Erode,Turmeric,Finger,FAQ,14164,15263,14603
2026-09-18,Tamil Nadu,Erode,Erode,Turmeric,Bulb,FAQ,12387,13539,12846
2026-09-18,Tamil Nadu,Erode,Gobichettipalayam,Banana,Poovan,FAQ,2180,2681,2420
2026-09-18,Tamil Nadu,Erode,Gobichettipalayam,Banana,Robusta,FAQ,2034,2355,2191
2026-09-19,Tamil Nadu,Erode,Erode,Turmeric,Finger,FAQ,14172,15248,14582
2026-09-19,Tamil Nadu,Erode,Erode,Turmeric,Bulb,FAQ,12194,13384,12749
2026-09-19,Tamil Nadu,Erode,Gobichettipalayam,Banana,Poovan,FAQ,2255,2642,2451
2026-09-19,Tamil Nadu,Erode,Gobichettipalayam,Banana,Robusta,FAQ,2055,2369,2188
2026-09-21,Tamil Nadu,Erode,Erode,Turmeric,Finger,FAQ,14011,15384,14616
2026-09-21,Tamil Nadu,Erode,Erode,Turmeric,Bulb,FAQ,12290,13299,12741
2026-09-21,Tamil Nadu,Erode,Gobichettipalayam,Banana,Poovan,FAQ,2217,2617,2395
2026-09-21,Tamil Nadu,Erode,Gobichettipalayam,Banana,Robusta,FAQ,2015,2359,2144
2026-09-22,Tamil Nadu,Erode,Erode,Turmeric,Finger,FAQ,13789,15221,14460
2026-09-22,Tamil Nadu,Erode,Erode,Turmeric,Bulb,FAQ,12198,13357,12779
2026-09-22,Tamil Nadu,Erode,Gobichettipalayam,Banana,Poovan,FAQ,2148,2675,2391
2026-09-22,Tamil Nadu,Erode,Gobichettipalayam,Banana,Robusta,FAQ,1987,2300,2137
2026-09-23,Tamil Nadu,Erode,Erode,Turmeric,Finger,FAQ,13955,15087,14486
2026-09-23,Tamil Nadu,Erode,Erode,Turmeric,Bulb,FAQ,12279,13261,12783
2026-09-23,Tamil Nadu,Erode,Gobichettipalayam,Banana,Poovan,FAQ,2266,2627,2425
2026-09-23,Tamil Nadu,Erode,Gobichettipalayam,Banana,Robusta,FAQ,2012,2404,2195
2026-09-24,Tamil Nadu,Erode,Erode,Turmeric,Finger,FAQ,13963,15317,14652
2026-09-24,Tamil Nadu,Erode,Erode,Turmeric,Bulb,FAQ,12372,13531,12970
2026-09-24,Tamil Nadu,Erode,Gobichettipalayam,Banana,Poovan,FAQ,2151,2545,2357
2026-09-24,Tamil Nadu,Erode,Gobichettipalayam,Banana,Robusta,FAQ,1995,2401,2171
2026-09-25,Tamil Nadu,Erode,Erode,Turmeric,Finger,FAQ,14050,15118,14590
2026-09-25,Tamil Nadu,Erode,Erode,Turmeric,Bulb,FAQ,12370,13286,12849
2026-09-25,Tamil Nadu,Erode,Gobichettipalayam,Banana,Poovan,FAQ,2164,2610,2373
2026-09-25,Tamil Nadu,Erode,Gobichettipalayam,Banana,Robusta,FAQ,1984,2308,2111
2026-09-26,Tamil Nadu,Erode,Erode,Turmeric,Finger,FAQ,14154,15139,14593
2026-09-26,Tamil Nadu,Erode,Erode,Turmeric,Bulb,FAQ,12425,13586,12927
2026-09-26,Tamil Nadu,Erode,Gobichettipalayam,Banana,Poovan,FAQ,2170,2633,2379
2026-09-26,Tamil Nadu,Erode,Gobichettipalayam,Banana,Robusta,FAQ,1960,2329,2174
2026-09-28,Tamil Nadu,Erode,Erode,Turmeric,Finger,FAQ,14010,15298,14702
2026-09-28,Tamil Nadu,Erode,Erode,Turmeric,Bulb,FAQ,12371,13518,12875
2026-09-28,Tamil Nadu,Erode,Gobichettipalayam,Banana,Poovan,FAQ,2218,2574,2387
2026-09-28,Tamil Nadu,Erode,Gobichettipalayam,Banana,Robusta,FAQ,2022,2408,2155
2026-09-29,Tamil Nadu,Erode,Erode,Turmeric,Finger,FAQ,14218,15419,14661
2026-09-29,Tamil Nadu,Erode,Erode,Turmeric,Bulb,FAQ,12577,13391,12971
2026-09-29,Tamil Nadu,Erode,Gobichettipalayam,Banana,Poovan,FAQ,2111,2587,2351
2026-09-29,Tamil Nadu,Erode,Gobichettipalayam,Banana,Robusta,FAQ,1965,2368,2152
2026-09-30,Tamil Nadu,Erode,Erode,Turmeric,Finger,FAQ,13996,15272,14582
2026-09-30,Tamil Nadu,Erode,Erode,Turmeric,Bulb,FAQ,12442,13500,12891
2026-09-30,Tamil Nadu,Erode,Gobichettipalayam,Banana,Poovan,FAQ,2124,2616,2360
2026-09-30,Tamil Nadu,Erode,Gobichettipalayam,Banana,Robusta,FAQ,1900,2332,2100
2026-10-01,Tamil Nadu,Erode,Erode,Turmeric,Finger,FAQ,14254,15355,14687
2026-10-01,Tamil Nadu,Erode,Erode,Turmeric,Bulb,FAQ,12364,13453,12856
2026-10-01,Tamil Nadu,Erode,Gobichettipalayam,Banana,Poovan,FAQ,2169,2623,2351
2026-10-01,Tamil Nadu,Erode,Gobichettipalayam,Banana,Robusta,FAQ,2030,2361,2169
2026-10-03,Tamil Nadu,Erode,Erode,Turmeric,Finger,FAQ,13890,15160,14588
2026-10-03,Tamil Nadu,Erode,Erode,Turmeric,Bulb,FAQ,12521,13550,12950
2026-10-03,Tamil Nadu,Erode,Gobichettipalayam,Banana,Poovan,FAQ,2102,2598,2328
2026-10-03,Tamil Nadu,Erode,Gobichettipalayam,Banana,Robusta,FAQ,1940,2320,2099
